sample_id,input_text,expected_output,raw_prediction,predicted_species,format_compliant
1,"A flower specimen has a sepal length of 4.4 cm, sepal width of 3.0 cm, petal length of 1.3 cm, and petal width of 0.2 cm. Identify the iris species.",This is Iris setosa.,This is Iris versicolor,versicolor,False
2,"A flower specimen has a sepal length of 6.1 cm, sepal width of 3.0 cm, petal length of 4.9 cm, and petal width of 1.8 cm. Identify the iris species.",This is Iris virginica.,This is Iris versicolor,versicolor,False
3,"A flower specimen has a sepal length of 4.9 cm, sepal width of 2.4 cm, petal length of 3.3 cm, and petal width of 1.0 cm. Identify the iris species.",This is Iris versicolor.,This is Iris versicolor,versicolor,False
4,"A flower specimen has a sepal length of 5.0 cm, sepal width of 2.3 cm, petal length of 3.3 cm, and petal width of 1.0 cm. Identify the iris species.",This is Iris versicolor.,This is Iris versicolor,versicolor,False
5,"A flower specimen has a sepal length of 4.4 cm, sepal width of 3.2 cm, petal length of 1.3 cm, and petal width of 0.2 cm. Identify the iris species.",This is Iris setosa.,This is Iris versicolor,versicolor,False
6,"A flower specimen has a sepal length of 6.3 cm, sepal width of 3.3 cm, petal length of 4.7 cm, and petal width of 1.6 cm. Identify the iris species.",This is Iris versicolor.,This is Iris versicolor,versicolor,False
7,"A flower specimen has a sepal length of 4.6 cm, sepal width of 3.6 cm, petal length of 1.0 cm, and petal width of 0.2 cm. Identify the iris species.",This is Iris setosa.,This is Iris versicolor,versicolor,False
8,"A flower specimen has a sepal length of 5.4 cm, sepal width of 3.4 cm, petal length of 1.7 cm, and petal width of 0.2 cm. Identify the iris species.",This is Iris setosa.,This is Iris versicolor,versicolor,False
9,"A flower specimen has a sepal length of 6.5 cm, sepal width of 3.0 cm, petal length of 5.2 cm, and petal width of 2.0 cm. Identify the iris species.",This is Iris virginica.,This is Iris versicolor,versicolor,False
10,"A flower specimen has a sepal length of 5.4 cm, sepal width of 3.0 cm, petal length of 4.5 cm, and petal width of 1.5 cm. Identify the iris species.",This is Iris versicolor.,This is Iris versicolor,versicolor,False
11,"A flower specimen has a sepal length of 7.3 cm, sepal width of 2.9 cm, petal length of 6.3 cm, and petal width of 1.8 cm. Identify the iris species.",This is Iris virginica.,This is Iris versicolor,versicolor,False
12,"A flower specimen has a sepal length of 6.9 cm, sepal width of 3.1 cm, petal length of 5.1 cm, and petal width of 2.3 cm. Identify the iris species.",This is Iris virginica.,This is Iris versicolor,versicolor,False
13,"A flower specimen has a sepal length of 6.5 cm, sepal width of 3.0 cm, petal length of 5.8 cm, and petal width of 2.2 cm. Identify the iris species.",This is Iris virginica.,This is Iris versicolor,versicolor,False
14,"A flower specimen has a sepal length of 6.4 cm, sepal width of 3.2 cm, petal length of 4.5 cm, and petal width of 1.5 cm. Identify the iris species.",This is Iris versicolor.,This is Iris versicolor,versicolor,False
15,"A flower specimen has a sepal length of 5.0 cm, sepal width of 3.4 cm, petal length of 1.5 cm, and petal width of 0.2 cm. Identify the iris species.",This is Iris setosa.,This is Iris versicolor,versicolor,False
16,"A flower specimen has a sepal length of 5.0 cm, sepal width of 3.3 cm, petal length of 1.4 cm, and petal width of 0.2 cm. Identify the iris species.",This is Iris setosa.,This is Iris versicolor,versicolor,False
17,"A flower specimen has a sepal length of 5.8 cm, sepal width of 4.0 cm, petal length of 1.2 cm, and petal width of 0.2 cm. Identify the iris species.",This is Iris setosa.,This is Iris versicolor,versicolor,False
18,"A flower specimen has a sepal length of 5.6 cm, sepal width of 2.5 cm, petal length of 3.9 cm, and petal width of 1.1 cm. Identify the iris species.",This is Iris versicolor.,This is Iris versicolor,versicolor,False
19,"A flower specimen has a sepal length of 6.1 cm, sepal width of 2.9 cm, petal length of 4.7 cm, and petal width of 1.4 cm. Identify the iris species.",This is Iris versicolor.,This is Iris versicolor,versicolor,False
20,"A flower specimen has a sepal length of 6.0 cm, sepal width of 3.0 cm, petal length of 4.8 cm, and petal width of 1.8 cm. Identify the iris species.",This is Iris virginica.,This is Iris versicolor,versicolor,False
21,"A flower specimen has a sepal length of 5.4 cm, sepal width of 3.7 cm, petal length of 1.5 cm, and petal width of 0.2 cm. Identify the iris species.",This is Iris setosa.,This is Iris versicolor,versicolor,False
22,"A flower specimen has a sepal length of 6.7 cm, sepal width of 3.1 cm, petal length of 5.6 cm, and petal width of 2.4 cm. Identify the iris species.",This is Iris virginica.,This is Iris versicolor,versicolor,False
23,"A flower specimen has a sepal length of 6.6 cm, sepal width of 2.9 cm, petal length of 4.6 cm, and petal width of 1.3 cm. Identify the iris species.",This is Iris versicolor.,This is Iris versicolor,versicolor,False
24,"A flower specimen has a sepal length of 6.1 cm, sepal width of 2.6 cm, petal length of 5.6 cm, and petal width of 1.4 cm. Identify the iris species.",This is Iris virginica.,This is Iris versicolor,versicolor,False
25,"A flower specimen has a sepal length of 6.4 cm, sepal width of 2.8 cm, petal length of 5.6 cm, and petal width of 2.2 cm. Identify the iris species.",This is Iris virginica.,This is Iris versicolor,versicolor,False
26,"A flower specimen has a sepal length of 6.7 cm, sepal width of 3.0 cm, petal length of 5.0 cm, and petal width of 1.7 cm. Identify the iris species.",This is Iris versicolor.,This is Iris versicolor,versicolor,False
27,"A flower specimen has a sepal length of 6.6 cm, sepal width of 3.0 cm, petal length of 4.4 cm, and petal width of 1.4 cm. Identify the iris species.",This is Iris versicolor.,This is Iris versicolor,versicolor,False
28,"A flower specimen has a sepal length of 5.7 cm, sepal width of 3.8 cm, petal length of 1.7 cm, and petal width of 0.3 cm. Identify the iris species.",This is Iris setosa.,This is Iris versicolor,versicolor,False
29,"A flower specimen has a sepal length of 6.5 cm, sepal width of 3.0 cm, petal length of 5.5 cm, and petal width of 1.8 cm. Identify the iris species.",This is Iris virginica.,This is Iris versicolor,versicolor,False
30,"A flower specimen has a sepal length of 5.2 cm, sepal width of 3.4 cm, petal length of 1.4 cm, and petal width of 0.2 cm. Identify the iris species.",This is Iris setosa.,This is Iris versicolor,versicolor,False
